{"mean_": [16.384313725490195, 1.9098039215686275, 342.13735679177677, 1457.4290404675053, 159.0105775272145, 24.82497157676547], "scale_": [15.700173254308432, 0.9679683396946865, 347.1464906848915, 2000.1221811563137, 129.34771283923828, 21.350683879349205]}